train_loss,valid_loss
5.796552343341514,0
4.861332892020768,0
4.314826945069829,0
