train_loss,valid_loss
5.288814447419164,4.314696106043729
4.199909219660772,3.6731044812635942
3.532632267846602,3.3424497084184126
3.0085037389490488,3.454898725856434
2.55512724972987,3.6789169528267602
