train_loss,valid_loss
5.221771169151718,4.2714273691177365
3.840848733355786,3.2858393260410854
3.0382099135407077,2.803783006327493
2.5709849993027762,2.7717306903430394
2.2114336709928666,2.7120860389300754
