train_loss,valid_loss
5.4633980128312585,4.7243007746609775
4.360242454255944,3.831308115612377
3.5547579999685963,3.428525458682667
