train_loss,valid_loss
5.335851180317044,4.709276914596558
4.545692619453408,4.071092399683866
4.0031618453963285,3.857584899122065
3.541678524219956,3.7945746833627876
3.1187871643909313,3.7576654065739024
2.772559679263712,4.01478123664856
2.432212760360653,4.4095060933719985
2.1462146286923893,4.524940870024941
1.9115991431998125,4.99114588173953
1.704711675559495,5.636701930652965
